Direct,Reporting,money aid allocation,government critique,societal critique,solutions/interventions,personal interaction,media portrayal,not in my backyard,harmful generalization,deserving/undeserving,Racist
0.0,1.0,0.0,0.5,0.5,0.0,0.0,0.5,0.0,0.0,0.0,0.0
1.0,0.0,0.0,1.0,1.0,0.0,0.0,0.0,0.0,0.0,0.0,0.0
1.0,0.0,0.5,0.0,0.0,0.0,0.5,0.0,0.0,0.0,0.5,0.5
1.0,0.0,0.5,0.0,1.0,1.0,0.0,0.0,0.0,0.5,0.0,0.0
1.0,0.0,1.0,0.5,0.0,1.0,0.0,0.0,0.0,1.0,0.0,0.0
1.0,0.0,0.0,0.0,0.0,0.0,1.0,0.0,0.0,0.0,0.0,0.0
1.0,0.0,0.0,0.0,0.0,1.0,0.0,0.0,0.0,0.0,0.0,0.0
1.0,0.0,0.0,0.0,0.0,0.5,0.5,0.0,0.5,0.0,0.0,0.0
1.0,0.0,0.0,0.0,1.0,0.0,0.5,0.0,0.5,0.5,0.0,0.0
0.0,1.0,0.0,0.0,0.0,0.0,0.0,0.5,0.0,0.0,0.0,0.0
1.0,0.5,0.0,0.0,1.0,1.0,0.0,0.0,1.0,0.0,0.0,0.0
0.5,0.5,0.0,0.0,0.0,0.0,0.0,0.0,0.0,0.0,0.0,0.0
0.5,0.5,0.0,0.0,0.0,1.0,0.0,0.0,0.0,0.0,0.0,0.0
1.0,0.5,0.0,0.0,1.0,0.0,0.5,0.0,0.0,0.5,0.0,0.0
1.0,0.0,0.0,0.0,0.0,1.0,0.0,0.0,0.0,0.0,0.0,0.0
1.0,0.5,0.0,0.0,1.0,0.5,0.0,0.0,1.0,0.0,0.0,0.0
1.0,0.0,0.0,0.0,0.0,0.5,0.0,0.0,0.0,0.0,0.0,0.0
1.0,0.5,0.0,0.0,0.0,0.5,0.0,0.0,1.0,1.0,0.5,0.5
1.0,0.0,0.0,0.0,0.0,1.0,0.0,0.0,0.5,0.0,0.0,0.0
1.0,0.0,0.0,0.5,0.0,0.5,0.0,0.0,0.0,0.5,0.0,0.0
0.5,1.0,1.0,1.0,1.0,0.5,0.0,0.0,0.0,0.5,0.0,0.0
1.0,0.0,0.0,0.0,0.0,1.0,0.0,0.0,0.0,0.0,0.0,0.0
1.0,0.0,0.0,0.0,0.0,0.0,0.5,0.0,0.0,0.0,0.0,0.0
1.0,0.0,1.0,1.0,0.5,1.0,0.0,0.0,0.0,0.0,0.0,0.0
1.0,0.0,0.0,0.0,0.0,0.0,0.0,0.0,0.0,0.0,0.0,0.0
1.0,0.0,0.5,0.5,0.0,0.0,0.0,0.0,0.0,0.0,0.0,0.0
1.0,0.0,0.0,0.0,0.0,0.0,0.0,0.0,0.5,0.5,0.0,0.0
1.0,0.5,0.0,0.0,1.0,0.5,0.5,0.0,0.0,0.0,0.0,0.0
1.0,0.0,0.0,1.0,0.5,1.0,0.0,0.0,0.0,0.5,0.0,0.0
1.0,0.0,0.0,0.0,0.0,0.0,0.0,0.0,0.5,0.0,0.0,0.0
0.5,0.5,0.0,0.0,0.0,0.0,0.0,0.0,0.0,0.0,0.0,0.0
1.0,0.0,0.0,0.0,0.0,0.0,0.5,0.0,0.0,0.0,0.0,0.0
1.0,0.5,0.5,0.0,0.5,1.0,0.0,0.0,0.5,0.0,0.0,0.0
0.5,0.5,0.0,0.0,0.0,0.0,0.0,0.0,0.0,0.0,0.0,0.0
0.5,0.5,0.0,0.0,0.0,0.0,0.0,0.5,0.0,0.0,0.0,0.0
0.5,0.5,0.0,0.0,0.0,1.0,0.0,0.0,0.0,0.0,0.0,0.0
0.5,0.5,0.0,0.0,0.5,0.5,0.0,0.0,0.5,0.5,0.0,0.0
0.5,0.5,0.0,0.0,0.0,0.0,0.0,0.0,0.0,0.0,0.0,0.0
0.5,0.5,0.0,0.0,0.0,1.0,0.0,0.0,0.0,0.5,0.0,0.0
1.0,0.0,0.0,0.0,0.0,0.0,0.5,0.0,0.0,0.0,0.0,0.0
1.0,0.0,0.0,0.0,0.0,0.0,1.0,0.0,0.0,0.0,0.0,0.0
1.0,0.0,0.0,0.0,0.0,1.0,0.0,0.0,0.0,0.0,0.5,0.5
1.0,0.0,0.5,0.0,0.0,1.0,1.0,0.0,0.0,0.0,0.5,0.5
1.0,0.0,1.0,0.5,0.5,1.0,0.0,0.0,0.0,0.0,0.0,0.0
1.0,0.0,0.5,0.0,0.5,0.5,0.0,0.0,0.0,0.0,0.0,0.0
1.0,0.0,1.0,0.5,0.0,1.0,0.5,0.0,0.0,0.0,0.0,0.0
1.0,0.5,0.0,0.0,1.0,0.5,0.5,0.0,0.5,0.5,0.0,0.0
1.0,0.5,0.0,0.0,0.0,1.0,0.5,0.0,1.0,0.0,0.0,0.0
1.0,0.0,0.0,0.0,0.0,1.0,0.0,0.0,0.5,0.0,0.0,0.0
1.0,0.0,0.0,0.0,0.0,0.5,0.5,0.0,0.5,0.0,0.0,0.0
1.0,0.0,0.5,0.0,0.5,0.5,0.0,0.0,0.0,1.0,0.5,0.5
1.0,0.0,0.0,0.0,0.0,0.5,0.0,0.0,0.0,0.5,0.0,0.0
0.5,0.5,0.0,0.0,0.0,0.5,0.0,0.0,0.0,0.0,0.0,0.0
1.0,0.0,0.0,0.0,0.0,0.0,0.0,0.0,0.0,0.5,0.0,0.0
0.5,1.0,0.0,0.0,1.0,0.5,0.0,0.0,0.5,0.0,0.0,0.0
0.5,0.5,0.0,0.0,0.0,1.0,0.0,0.0,0.0,0.0,0.0,0.0
0.5,0.5,0.0,0.0,0.5,0.0,0.0,0.0,0.0,1.0,0.5,0.5
0.5,1.0,0.5,0.0,0.5,0.0,0.0,0.0,0.0,0.0,0.5,0.5
0.5,1.0,0.0,0.0,0.5,0.5,0.0,0.0,0.0,0.0,0.0,0.0
0.5,0.5,0.5,0.5,0.5,0.5,0.0,0.0,0.0,0.0,0.0,0.0
1.0,0.5,0.0,0.0,0.5,0.5,1.0,0.0,0.0,1.0,0.0,0.0
0.5,0.5,0.5,0.5,0.5,1.0,0.0,0.0,0.0,0.0,0.0,0.0
0.5,1.0,0.5,0.5,0.5,1.0,0.0,0.5,0.0,0.0,0.0,0.0
0.0,1.0,0.0,0.5,0.5,0.5,0.0,0.5,0.0,0.0,0.0,0.0
1.0,0.0,0.0,0.0,0.0,0.0,0.0,0.0,0.0,0.5,0.0,0.0
0.5,1.0,0.0,0.0,0.5,0.0,0.0,0.0,0.0,0.5,0.5,0.5
1.0,0.5,0.0,0.0,0.5,0.0,0.0,0.0,0.0,0.5,0.5,0.5
1.0,0.0,0.0,0.0,0.5,0.0,0.0,0.0,0.0,0.0,0.0,0.0
1.0,0.0,0.0,0.0,0.0,0.5,0.0,0.0,0.0,0.5,0.0,0.0
0.5,0.5,0.0,0.0,0.0,1.0,0.0,0.0,0.0,0.0,0.0,0.0
0.5,0.5,0.0,0.5,0.0,0.0,0.0,0.0,0.0,0.5,0.0,0.0
1.0,0.5,0.0,0.0,0.5,0.0,0.0,0.0,0.0,0.5,0.5,0.5
1.0,0.0,0.0,0.0,0.0,0.0,0.5,0.0,0.0,0.5,0.0,0.0
1.0,0.5,0.5,0.5,0.5,0.5,0.5,0.0,0.0,0.0,0.0,0.0
1.0,0.5,0.5,0.5,0.0,0.0,0.0,0.0,0.5,0.5,0.0,0.0
1.0,0.0,0.0,0.0,0.0,1.0,0.0,0.0,0.0,0.0,0.0,0.0
1.0,0.5,0.5,0.5,0.5,1.0,0.0,0.0,0.0,0.0,0.0,0.0
0.5,1.0,0.0,0.0,0.5,0.5,0.5,0.0,0.0,0.0,0.0,0.0
0.5,1.0,0.0,0.0,0.5,1.0,0.0,0.0,0.5,0.5,0.0,0.0
0.5,1.0,0.0,0.0,1.0,0.5,0.0,0.0,0.0,0.5,0.5,0.5
0.5,0.5,0.0,0.0,0.0,0.5,0.0,0.0,0.0,0.0,0.0,0.0
1.0,0.0,0.0,0.0,0.0,1.0,0.0,0.0,0.0,0.5,0.0,0.0
0.5,1.0,0.0,0.0,0.5,0.5,0.0,0.0,0.0,0.5,0.0,0.0
0.5,0.5,0.0,0.0,0.5,0.5,0.0,0.0,0.0,0.0,0.0,0.0
0.5,0.5,0.5,0.0,1.0,1.0,0.0,0.5,0.0,0.5,0.5,0.5
0.5,0.5,0.0,0.0,0.0,0.5,0.0,0.0,0.0,0.0,0.0,0.0
1.0,0.0,0.5,0.0,0.0,0.0,1.0,0.0,0.0,0.5,0.0,0.0
1.0,0.0,0.0,0.0,0.0,0.0,0.5,0.0,0.0,0.0,0.0,0.0
0.0,1.0,0.0,0.0,1.0,0.5,0.0,0.0,0.0,0.5,0.0,0.0
1.0,0.0,0.0,0.0,0.0,0.0,0.5,0.0,0.5,0.5,0.0,0.0
1.0,0.5,0.5,0.0,0.5,1.0,0.0,0.0,0.5,0.0,0.0,0.0
1.0,0.5,0.5,0.0,0.5,0.0,0.0,0.0,0.0,1.0,0.0,0.0
0.0,1.0,0.0,0.0,0.5,0.0,0.0,0.0,0.0,1.0,0.0,0.0
0.5,1.0,0.0,0.0,1.0,0.0,0.0,0.0,0.0,0.5,0.0,0.0
1.0,0.0,1.0,0.5,0.5,1.0,0.0,0.5,0.0,0.0,0.0,0.0
1.0,0.0,0.5,0.0,0.0,0.0,0.0,0.0,0.0,1.0,0.0,0.0
1.0,0.0,0.0,0.0,0.0,1.0,0.0,0.0,0.0,0.5,0.0,0.0
1.0,0.0,1.0,0.5,0.0,1.0,0.0,0.0,0.0,0.0,0.0,0.0
1.0,1.0,0.0,0.0,0.5,1.0,1.0,0.0,0.0,0.0,0.0,0.0
1.0,0.0,0.0,0.0,0.0,0.0,0.0,0.0,0.0,1.0,0.5,0.5
1.0,0.0,0.0,0.5,0.5,1.0,1.0,0.0,0.0,0.0,0.0,0.0
1.0,0.0,0.0,0.0,0.0,0.0,0.5,0.0,1.0,0.0,0.0,0.0
1.0,0.0,0.0,0.0,0.0,1.0,0.5,0.0,0.0,0.0,0.0,0.0
0.5,1.0,0.0,0.0,0.5,0.0,0.0,0.5,0.5,0.0,0.0,0.0
0.5,1.0,0.0,0.0,0.5,0.5,0.0,0.0,0.0,0.5,0.0,0.0
0.5,0.5,0.0,0.0,0.0,0.5,0.0,0.0,0.0,0.0,0.0,0.0
1.0,0.0,0.0,0.0,0.0,1.0,1.0,0.0,0.0,0.0,0.0,0.0
0.5,0.5,0.0,0.0,0.0,0.5,0.0,0.5,0.0,0.0,0.0,0.0
1.0,0.0,0.0,0.0,0.0,1.0,0.5,0.0,0.0,0.5,0.0,0.0
1.0,0.5,0.0,0.0,0.5,0.5,0.0,0.0,0.0,0.0,0.0,0.0
1.0,0.0,0.0,0.0,0.0,0.5,0.5,0.0,0.0,0.0,0.0,0.0
1.0,0.0,1.0,0.0,0.5,0.5,0.0,0.0,0.0,0.0,0.0,0.0
1.0,0.5,0.5,0.0,0.5,1.0,0.0,0.0,0.0,0.5,0.0,0.0
1.0,0.0,0.0,0.0,0.0,0.0,0.0,0.0,0.0,0.0,0.0,0.0
1.0,0.5,0.0,0.0,0.0,0.0,0.0,0.0,0.5,0.5,0.0,0.0
1.0,0.0,0.5,0.0,0.5,1.0,0.0,0.0,0.5,1.0,0.0,0.0
0.5,0.5,0.0,0.0,0.5,0.5,0.0,0.0,0.0,0.0,0.0,0.0
0.5,1.0,0.0,0.0,0.5,0.5,0.0,0.0,0.0,1.0,0.0,0.0
1.0,0.0,0.0,0.0,1.0,1.0,0.5,0.0,0.0,0.5,0.0,0.0
1.0,0.0,1.0,0.0,0.5,0.5,0.0,0.0,0.0,0.0,0.0,0.0
1.0,0.0,0.5,0.0,1.0,1.0,1.0,0.0,0.0,0.5,0.0,0.0
1.0,0.0,0.5,0.0,0.5,1.0,0.0,0.0,0.0,0.5,0.0,0.0
1.0,0.0,0.5,0.5,0.5,0.0,0.5,0.0,0.0,0.5,0.0,0.0
1.0,0.0,0.0,0.5,0.5,0.5,1.0,0.0,0.0,0.0,0.0,0.0
1.0,0.0,0.5,0.0,0.0,0.5,0.0,0.0,0.5,0.0,0.0,0.0
1.0,0.0,0.0,0.0,0.0,1.0,0.5,0.0,0.0,0.0,0.0,0.0
1.0,0.5,0.0,0.0,0.5,0.5,0.0,0.0,0.0,0.5,0.0,0.0
1.0,0.5,0.0,0.5,0.5,0.0,0.0,0.0,0.0,0.0,0.0,0.0
0.5,0.0,0.0,0.5,0.0,0.5,0.0,0.0,0.0,0.0,0.0,0.0
0.5,1.0,0.0,0.0,1.0,0.0,0.0,0.0,0.0,0.0,0.0,0.0
1.0,0.0,0.5,0.0,0.0,1.0,0.0,0.0,0.0,0.0,0.0,0.0
1.0,0.0,0.5,0.5,0.5,0.0,1.0,0.0,0.5,0.0,0.0,0.0
1.0,0.5,1.0,0.0,0.5,1.0,0.0,0.0,0.0,0.0,0.0,0.0
1.0,0.0,1.0,0.5,1.0,0.5,1.0,0.0,0.0,0.0,0.0,0.0
1.0,0.5,0.0,0.0,0.0,0.0,0.0,0.0,0.0,0.0,0.0,0.0
0.5,1.0,0.0,0.5,1.0,1.0,0.0,0.0,0.0,0.5,0.0,0.0
0.5,1.0,0.0,0.5,0.5,1.0,0.0,0.0,0.0,0.0,0.0,0.0
0.5,1.0,0.0,0.0,1.0,0.5,0.0,0.0,0.0,0.5,0.5,0.5
1.0,0.5,0.5,0.0,0.5,1.0,0.5,0.0,0.0,0.5,0.5,0.5
1.0,0.0,0.0,0.0,0.0,1.0,0.0,0.0,0.0,0.0,0.0,0.0
0.5,1.0,0.0,0.0,1.0,0.5,0.5,0.0,0.0,0.0,0.0,0.0
1.0,0.0,0.0,0.0,0.5,0.5,0.0,0.0,0.5,1.0,0.0,0.0
1.0,0.0,0.5,0.0,0.0,0.0,0.0,0.0,0.0,0.0,0.0,0.0
1.0,0.0,0.0,0.0,0.0,1.0,0.0,0.0,0.0,0.0,0.0,0.0
0.5,1.0,0.0,0.0,1.0,0.5,0.0,0.0,0.0,0.5,0.0,0.0
1.0,0.0,0.0,0.0,0.0,0.0,0.0,0.0,0.0,0.0,0.5,0.5
0.5,1.0,0.0,0.0,1.0,0.5,0.0,0.0,0.0,0.0,0.0,0.0
1.0,0.0,1.0,0.0,0.0,1.0,0.0,0.0,0.0,0.5,0.0,0.0
0.5,1.0,0.0,0.0,1.0,0.0,0.0,0.0,0.0,0.5,0.0,0.0
0.5,1.0,0.5,0.0,1.0,0.0,0.0,0.0,0.0,0.0,0.0,0.0
1.0,0.5,0.5,1.0,0.5,0.5,0.0,0.0,0.5,1.0,0.0,0.0
0.5,0.5,0.0,0.0,0.5,0.0,0.0,0.0,0.0,0.0,0.0,0.0
1.0,0.0,1.0,0.0,0.0,0.5,0.0,0.0,0.0,0.0,0.0,0.0
1.0,0.0,0.5,0.0,0.0,1.0,0.0,0.0,0.0,0.0,0.0,0.0
1.0,0.0,0.5,0.0,0.0,1.0,0.0,0.0,0.0,0.0,0.0,0.0
1.0,0.0,0.0,0.0,1.0,1.0,0.0,0.0,0.0,0.0,0.5,0.5
0.5,0.5,0.0,0.0,0.5,0.0,0.0,0.0,0.0,0.5,0.0,0.0
1.0,0.0,0.0,0.0,0.0,0.5,1.0,0.0,0.0,0.5,0.0,0.0
1.0,0.0,0.0,0.0,1.0,1.0,0.0,0.0,0.0,0.0,0.0,0.0
1.0,0.0,0.0,0.0,0.0,0.5,0.5,0.0,0.0,0.0,0.0,0.0
1.0,0.0,0.0,0.0,0.0,1.0,0.0,0.0,0.0,0.0,0.0,0.0
1.0,0.5,0.0,0.0,0.5,0.0,0.0,0.0,0.5,0.0,0.5,0.5
0.5,0.5,0.0,0.0,0.0,0.0,0.0,0.0,0.0,0.0,0.0,0.0
0.5,1.0,0.5,0.0,0.5,0.0,0.0,0.0,0.0,0.0,0.0,0.0
1.0,1.0,0.0,1.0,1.0,1.0,0.0,0.0,0.0,0.0,0.5,0.5
1.0,0.5,0.0,0.0,0.5,0.0,0.0,0.0,0.0,1.0,0.0,0.0
0.5,0.5,0.0,0.0,0.0,0.5,0.0,0.0,0.0,0.0,0.0,0.0
1.0,0.0,0.0,0.0,0.0,0.5,0.0,0.0,0.0,0.0,0.0,0.0
0.5,0.5,0.0,0.0,0.0,1.0,0.0,0.0,0.0,0.0,0.0,0.0
0.5,1.0,0.0,0.0,1.0,0.0,0.0,0.0,0.0,0.5,0.0,0.0
1.0,0.0,1.0,0.5,0.0,0.0,0.0,0.0,0.0,0.0,0.0,0.0
1.0,0.0,0.0,0.0,0.0,0.5,0.5,0.0,0.0,0.0,0.5,0.5
0.5,0.5,1.0,0.0,0.0,1.0,0.0,0.0,0.0,0.5,0.0,0.0
1.0,0.0,0.0,0.0,0.0,0.5,0.0,0.0,0.0,0.0,0.0,0.0
1.0,0.5,0.5,0.0,0.0,0.0,0.0,0.0,0.0,0.5,0.0,0.0
1.0,0.0,0.0,0.0,0.0,0.0,0.0,0.0,1.0,0.5,0.0,0.0
1.0,0.5,0.0,0.0,0.5,1.0,0.0,0.0,0.0,0.0,0.0,0.0
0.5,0.5,0.0,0.0,0.0,0.0,0.0,0.0,0.0,0.0,0.0,0.0
1.0,0.0,0.0,0.0,0.0,0.0,0.0,0.0,0.5,0.0,0.0,0.0
1.0,0.0,0.5,0.0,0.0,0.0,0.0,0.0,0.0,0.0,0.0,0.0
1.0,0.0,0.0,0.0,0.0,0.5,0.0,0.0,0.5,0.0,0.0,0.0
1.0,0.0,0.5,0.0,0.0,0.0,0.0,0.0,0.5,0.5,0.0,0.0
1.0,0.5,0.0,0.0,0.5,0.0,0.5,0.0,1.0,1.0,0.0,0.0
1.0,0.5,0.0,0.0,0.5,0.0,0.0,0.0,0.5,0.5,0.0,0.0
1.0,0.0,0.0,0.0,0.0,0.0,0.5,0.0,1.0,0.5,0.0,0.0
1.0,0.5,0.5,0.0,0.5,0.5,0.0,0.0,0.5,0.0,0.0,0.0
1.0,0.0,0.5,0.5,0.0,0.5,0.0,0.0,0.0,0.0,0.0,0.0
0.5,0.5,0.0,1.0,0.5,0.5,0.0,0.0,0.0,0.0,0.0,0.0
1.0,0.0,0.0,0.0,0.0,0.0,0.0,0.0,0.0,0.0,0.0,0.0
1.0,0.0,0.0,0.0,0.0,0.0,0.0,0.0,0.0,1.0,0.0,0.0
1.0,0.0,0.0,0.0,0.5,0.0,0.0,0.0,0.0,0.0,0.0,0.0
1.0,0.5,0.0,0.0,0.5,1.0,0.0,0.0,0.0,0.0,0.0,0.0
1.0,0.0,0.0,0.0,0.0,0.5,0.0,0.0,0.0,0.0,0.0,0.0
1.0,0.0,0.5,0.0,0.0,0.0,0.0,0.0,0.0,0.0,0.0,0.0
1.0,0.0,0.0,0.0,0.0,1.0,0.0,0.0,0.0,0.0,0.0,0.0
1.0,0.5,1.0,0.0,0.5,1.0,0.0,0.0,0.5,0.0,0.0,0.0
1.0,0.0,0.5,0.0,0.0,0.0,0.0,0.0,0.0,0.0,0.0,0.0
1.0,0.5,0.0,0.0,0.5,1.0,0.0,0.0,0.0,0.0,0.0,0.0
1.0,0.5,0.5,0.0,1.0,1.0,0.0,0.0,0.0,0.0,0.0,0.0
0.0,1.0,0.5,0.5,0.5,0.0,0.0,0.0,0.0,0.0,0.0,0.0
1.0,0.0,0.0,0.0,0.0,1.0,0.0,0.0,0.0,0.0,0.0,0.0
1.0,0.5,1.0,0.5,0.5,1.0,0.0,0.0,0.0,0.0,0.0,0.0
1.0,0.5,1.0,0.5,0.5,1.0,0.0,0.0,0.0,0.5,0.0,0.0
1.0,0.0,0.0,0.0,0.0,0.0,0.0,0.0,0.5,0.0,0.0,0.0
1.0,0.5,0.0,0.0,0.5,0.5,0.0,0.0,0.5,0.0,0.0,0.0
0.5,1.0,1.0,0.0,0.0,1.0,0.0,0.0,1.0,0.5,0.0,0.0
1.0,0.0,0.5,0.0,0.0,0.0,1.0,0.0,0.5,0.0,0.0,0.0
1.0,0.0,0.5,0.0,0.0,1.0,0.0,0.0,0.0,0.0,0.0,0.0
0.5,1.0,0.5,0.0,0.5,1.0,0.0,0.0,0.0,0.0,0.0,0.0
1.0,0.0,0.5,0.0,0.0,0.0,0.5,0.0,0.5,0.5,0.0,0.0
1.0,0.0,0.0,0.0,0.0,1.0,0.0,0.0,0.0,0.0,0.0,0.0
1.0,0.0,0.5,0.0,0.0,0.5,0.0,0.0,0.0,0.0,0.0,0.0
1.0,0.0,0.0,0.0,0.0,0.5,0.5,0.0,0.5,0.5,0.0,0.0
1.0,0.0,0.5,0.0,0.0,0.5,0.0,0.0,0.0,0.0,0.0,0.0
1.0,0.0,0.0,0.0,0.0,0.0,0.5,0.0,0.0,0.0,0.0,0.0
1.0,0.5,0.0,0.0,0.0,0.5,0.5,0.0,0.5,0.0,0.0,0.0
1.0,0.0,0.0,0.5,0.0,0.5,0.5,0.0,0.0,0.0,0.0,0.0
0.5,0.5,0.0,0.0,0.5,0.5,0.0,0.0,0.0,0.5,0.0,0.0
1.0,0.0,0.5,0.0,0.0,0.5,0.0,0.0,0.5,0.5,0.0,0.0
1.0,0.0,0.0,0.0,0.0,0.0,0.5,0.0,0.0,0.0,0.0,0.0
0.5,1.0,0.0,1.0,0.0,0.5,0.0,0.0,0.0,0.5,0.5,0.5
0.5,0.5,0.0,0.0,0.5,1.0,0.0,0.0,0.5,0.0,0.0,0.0
1.0,0.0,0.5,0.0,0.0,0.5,0.0,0.0,0.0,0.0,0.0,0.0
0.5,0.0,0.5,0.0,0.0,0.0,0.5,0.0,0.5,0.0,0.0,0.0
1.0,0.5,0.5,1.0,0.0,1.0,0.0,0.0,0.0,0.0,0.0,0.0
1.0,0.0,0.0,0.5,0.0,1.0,0.0,0.0,1.0,1.0,0.0,0.0
1.0,0.0,0.0,0.0,0.0,0.0,1.0,0.0,0.5,0.0,0.0,0.0
0.5,0.5,0.5,0.0,0.0,0.5,0.0,0.0,0.5,0.5,0.0,0.0
1.0,0.0,0.0,0.0,0.0,0.0,0.0,0.0,0.0,0.0,0.0,0.0
0.5,0.5,0.0,0.0,0.0,1.0,0.0,0.0,0.0,0.0,0.0,0.0
1.0,0.0,0.0,0.0,0.5,0.0,0.0,0.0,0.5,0.0,0.0,0.0
1.0,0.0,0.0,0.0,0.0,0.5,0.0,0.0,0.0,0.0,0.0,0.0
1.0,0.0,0.5,1.0,0.0,0.5,0.0,0.0,0.0,0.0,0.0,0.0
1.0,0.0,0.5,0.0,0.0,0.0,0.0,0.0,0.0,0.0,0.0,0.0
1.0,0.0,0.0,1.0,0.0,0.0,0.0,0.0,0.0,0.0,0.0,0.0
1.0,0.0,0.5,0.5,0.5,1.0,0.0,0.0,0.0,0.0,0.0,0.0
1.0,0.0,0.0,0.0,0.0,0.0,1.0,0.0,0.0,0.0,0.0,0.0
1.0,0.0,0.0,0.0,0.0,1.0,1.0,0.0,0.0,0.0,0.0,0.0
0.5,0.5,0.5,0.5,0.0,0.0,0.0,0.0,0.0,0.0,0.0,0.0
1.0,0.0,0.5,0.5,0.0,0.5,0.0,0.0,0.0,0.0,0.0,0.0
0.5,0.5,0.5,0.5,0.0,1.0,0.0,0.0,0.0,0.0,0.0,0.0
1.0,0.0,0.0,0.0,0.0,0.0,1.0,0.0,0.5,0.0,0.0,0.0
0.0,1.0,0.0,0.0,0.5,0.0,0.0,0.0,0.0,0.5,0.0,0.0
0.5,0.5,0.5,0.0,0.0,1.0,0.0,0.0,0.0,0.0,0.0,0.0
0.5,0.5,0.0,0.0,0.0,1.0,0.0,0.0,0.0,0.0,0.0,0.0
1.0,0.0,0.0,0.0,0.0,0.0,1.0,0.0,1.0,0.5,0.0,0.0
1.0,0.0,0.5,0.0,0.0,0.0,0.0,0.0,0.0,0.0,0.0,0.0
1.0,0.0,0.5,0.5,0.0,1.0,0.0,0.0,0.0,0.0,0.0,0.0
0.5,0.5,0.0,0.0,0.0,0.0,0.0,0.0,0.5,0.0,0.0,0.0
1.0,0.0,0.0,0.5,0.0,1.0,0.0,0.0,0.0,0.0,0.0,0.0
1.0,0.0,0.0,0.0,0.0,0.0,0.0,0.0,0.0,0.5,0.0,0.0
0.5,0.5,0.0,0.0,0.0,0.0,0.0,0.5,0.0,0.0,0.0,0.0
0.5,0.5,0.0,0.0,0.0,0.5,0.0,0.0,0.0,0.0,0.0,0.0
1.0,0.0,0.0,0.0,0.0,0.0,1.0,0.0,0.0,0.0,0.0,0.0
1.0,0.0,0.0,1.0,0.5,0.5,0.5,0.0,0.0,0.0,0.0,0.0
1.0,0.0,0.5,0.0,1.0,0.5,0.0,0.0,0.0,0.5,0.0,0.0
0.5,1.0,0.0,0.0,0.5,0.0,0.0,0.0,0.0,0.5,0.0,0.0
0.5,0.5,0.0,0.0,0.0,0.0,0.0,0.0,0.0,0.0,0.0,0.0
0.5,0.5,0.0,0.0,0.5,0.0,1.0,0.0,0.5,0.5,0.0,0.0
1.0,0.5,0.5,0.0,0.5,1.0,0.5,0.0,1.0,0.0,0.0,0.0
1.0,0.0,0.0,0.0,0.5,1.0,0.0,0.0,1.0,0.5,0.5,0.5
0.5,0.5,0.5,0.0,0.0,0.5,0.0,0.0,0.0,0.0,0.0,0.0
1.0,0.5,0.0,0.0,0.5,0.5,0.5,0.0,0.5,0.0,0.0,0.0
1.0,0.0,0.5,0.5,0.0,0.5,0.0,0.0,0.5,0.0,0.0,0.0
1.0,0.0,0.5,0.0,0.0,0.5,0.0,0.0,0.0,0.5,0.5,0.5
1.0,0.0,0.5,0.0,0.0,0.5,0.5,0.0,0.0,0.0,0.0,0.0
1.0,0.5,0.0,0.0,0.5,1.0,0.0,0.0,0.0,1.0,0.0,0.0
1.0,0.0,0.5,1.0,0.5,0.5,0.5,0.5,0.5,0.5,0.0,0.0
0.5,0.5,1.0,0.5,0.5,0.5,0.0,0.0,0.0,0.5,0.0,0.0
1.0,0.5,1.0,1.0,0.5,1.0,1.0,0.0,0.0,0.5,0.5,0.5
0.5,1.0,0.0,0.0,0.5,1.0,0.0,0.0,0.0,0.5,0.0,0.0
0.0,1.0,0.0,0.0,0.5,0.0,0.0,0.0,0.0,0.0,0.5,0.5
1.0,0.5,0.0,0.0,0.5,0.5,1.0,0.0,0.5,0.5,0.0,0.0
0.5,1.0,0.5,0.5,0.5,0.5,0.0,0.0,0.0,0.0,0.0,0.0
1.0,0.0,0.5,0.5,0.0,0.5,0.0,0.0,0.0,0.5,0.0,0.0
1.0,0.0,0.0,0.0,0.0,0.0,0.0,0.0,0.0,0.0,0.0,0.0
0.5,0.5,0.0,0.0,0.0,0.0,0.0,0.0,0.0,0.0,0.0,0.0
0.5,1.0,0.5,0.5,0.5,0.0,0.0,0.0,0.0,1.0,0.0,0.0
1.0,0.5,0.0,0.0,0.5,0.0,0.0,0.0,0.0,0.5,0.0,0.0
0.5,1.0,1.0,0.0,0.5,0.0,0.0,0.0,0.0,0.0,0.0,0.0
1.0,0.0,1.0,0.5,0.0,0.0,0.0,0.0,0.0,0.0,0.0,0.0
1.0,0.0,0.5,0.5,0.0,1.0,0.0,0.0,0.0,0.0,0.0,0.0
0.5,1.0,0.0,0.5,0.5,0.0,0.0,0.0,0.0,0.0,0.0,0.0
1.0,0.5,1.0,0.0,0.5,1.0,0.0,0.0,0.0,0.0,0.0,0.0
1.0,0.0,0.5,0.5,0.0,1.0,0.0,0.0,0.0,0.5,0.0,0.0
1.0,0.5,0.0,0.5,0.5,0.0,0.5,0.0,0.5,0.5,0.0,0.0
1.0,0.0,0.5,0.0,0.0,1.0,0.0,0.0,0.0,0.0,0.0,0.0
1.0,0.5,0.5,1.0,0.0,0.5,0.0,0.0,0.0,0.5,0.0,0.0
1.0,0.0,0.5,0.0,0.0,0.5,0.0,0.0,0.0,0.0,0.0,0.0
1.0,0.0,0.0,0.0,0.0,0.0,1.0,0.0,0.0,0.0,0.0,0.0
1.0,0.0,0.5,0.0,0.0,0.5,0.5,0.0,0.0,0.0,0.0,0.0
0.5,1.0,0.0,0.5,0.5,0.0,0.0,0.0,0.0,1.0,0.0,0.0
0.5,1.0,0.0,0.0,0.0,0.0,0.0,0.0,0.0,0.5,0.0,0.0
1.0,0.5,0.0,0.0,0.5,0.5,0.0,0.0,0.0,0.5,0.0,0.0
0.5,1.0,0.0,0.0,0.5,0.5,0.0,0.0,0.0,0.5,0.0,0.0
1.0,0.0,0.0,0.0,0.0,0.0,0.0,0.0,0.5,0.5,1.0,1.0
0.5,1.0,0.0,0.0,1.0,0.0,0.0,0.0,0.0,1.0,0.0,0.0
0.5,1.0,0.0,0.0,0.5,0.0,0.0,0.5,0.0,0.5,0.0,0.0
0.5,0.5,0.5,0.0,0.5,0.0,0.0,0.0,0.0,0.0,0.0,0.0
1.0,0.0,0.5,0.0,0.0,1.0,0.5,0.0,0.5,0.5,0.5,0.5
1.0,0.5,0.0,0.0,0.5,0.0,0.0,0.0,0.5,0.0,0.5,0.5
1.0,0.0,0.0,0.0,0.0,0.0,1.0,0.0,0.0,0.5,0.0,0.0
0.0,0.5,0.0,0.0,0.0,0.5,0.0,0.0,0.0,0.5,0.5,0.5
1.0,0.0,0.0,0.0,0.0,0.5,1.0,0.0,0.5,0.5,0.0,0.0
0.5,1.0,0.0,0.5,0.0,1.0,0.0,0.0,0.0,0.0,0.0,0.0
1.0,0.5,0.5,0.5,0.0,1.0,0.0,0.0,0.0,0.0,0.0,0.0
1.0,0.0,0.0,0.0,0.0,0.5,0.0,0.0,0.0,0.0,0.0,0.0
1.0,0.0,0.5,0.0,0.0,0.0,0.0,0.0,0.0,0.0,0.0,0.0
1.0,0.0,0.0,0.0,0.0,0.5,0.0,0.0,0.0,1.0,0.0,0.0
0.5,1.0,0.0,0.0,0.5,1.0,0.0,0.0,0.0,0.0,0.0,0.0
1.0,0.5,1.0,0.5,0.5,1.0,0.0,0.0,0.0,0.5,0.0,0.0
0.5,0.5,0.5,0.0,0.5,1.0,0.0,0.0,0.0,0.0,0.0,0.0
1.0,0.0,0.5,0.0,0.0,1.0,0.0,0.0,0.5,0.0,0.0,0.0
0.5,1.0,0.5,0.5,0.5,0.0,0.0,0.0,0.0,0.5,0.5,0.5
1.0,0.5,0.5,0.5,0.5,1.0,0.0,0.0,0.5,0.5,0.0,0.0
1.0,0.0,0.0,0.0,1.0,1.0,0.0,0.0,0.0,0.0,0.0,0.0
1.0,0.5,0.5,0.5,0.5,0.5,0.0,0.0,1.0,0.5,0.0,0.0
0.5,0.5,1.0,0.0,0.0,0.0,0.0,0.0,0.0,0.0,0.0,0.0
1.0,0.0,0.0,0.5,0.0,0.0,0.0,0.0,0.0,0.0,0.0,0.0
1.0,0.5,0.5,1.0,1.0,0.0,0.0,0.0,0.0,0.0,0.0,0.0
1.0,0.5,0.0,0.0,0.5,0.0,0.0,0.0,0.0,0.5,0.0,0.0
1.0,0.0,1.0,1.0,0.5,0.5,0.0,0.0,0.0,0.0,0.0,0.0
1.0,0.0,0.5,0.0,0.0,1.0,0.0,0.0,0.0,0.0,0.0,0.0
1.0,0.0,0.5,0.5,0.0,1.0,0.0,0.0,0.0,0.0,0.0,0.0
1.0,0.0,0.0,0.5,0.5,0.5,0.0,0.0,0.0,0.0,0.0,0.0
0.5,0.5,0.5,0.0,0.0,0.5,0.0,0.0,0.0,0.0,0.0,0.0
1.0,0.5,1.0,1.0,0.0,1.0,0.0,0.0,0.0,0.0,0.0,0.0
1.0,0.5,0.5,0.0,0.5,0.5,0.0,0.0,0.0,0.0,0.0,0.0
0.5,0.5,0.0,0.0,0.5,0.0,0.0,0.0,0.0,0.0,0.0,0.0
1.0,0.0,0.5,0.0,0.0,0.5,0.0,0.0,0.0,0.5,0.0,0.0
1.0,0.0,0.5,0.5,0.0,0.5,0.0,0.0,0.0,0.0,0.0,0.0
1.0,0.0,0.5,0.5,0.0,0.5,0.0,0.0,0.0,0.0,0.0,0.0
1.0,0.0,0.5,0.0,0.0,0.0,0.0,0.0,0.0,0.0,0.0,0.0
1.0,0.0,1.0,0.5,1.0,1.0,0.0,0.0,0.0,0.0,0.0,0.0
1.0,0.0,0.5,0.0,0.0,0.5,0.0,0.0,0.0,0.0,0.0,0.0
1.0,0.0,0.0,0.0,0.0,0.5,1.0,0.0,0.0,0.5,0.0,0.0
1.0,0.5,0.0,0.0,0.5,1.0,0.0,0.0,0.0,0.0,0.0,0.0
0.5,0.5,0.0,0.0,0.5,1.0,0.0,0.0,0.0,0.0,0.0,0.0
1.0,0.0,0.0,0.0,0.0,0.0,0.0,0.0,0.0,0.0,0.0,0.0
1.0,0.0,0.5,0.0,0.5,1.0,0.0,0.0,0.0,0.5,0.0,0.0
1.0,0.0,0.5,0.0,0.0,0.5,0.5,0.0,0.0,0.5,0.0,0.0
1.0,0.0,0.0,1.0,0.0,1.0,0.0,0.0,0.0,0.0,0.0,0.0
1.0,1.0,0.5,0.5,0.5,0.5,0.5,0.5,0.5,0.0,0.0,0.0
1.0,0.0,0.5,0.0,0.0,0.0,0.0,0.0,0.0,0.0,0.0,0.0
0.5,0.5,0.0,0.0,0.0,0.5,0.0,0.0,0.0,0.5,0.5,0.5
0.5,1.0,1.0,0.0,0.5,0.0,0.0,0.0,0.0,0.5,0.0,0.0
1.0,0.0,0.0,0.0,0.0,1.0,0.0,0.0,0.0,0.0,0.0,0.0
0.5,1.0,0.5,1.0,0.5,0.5,0.0,0.0,1.0,0.0,0.5,0.5
1.0,0.5,0.0,0.5,0.0,1.0,0.0,0.0,0.0,0.5,0.0,0.0
1.0,0.0,1.0,1.0,0.0,0.0,0.0,0.0,0.0,0.0,0.0,0.0
0.5,0.5,0.0,0.0,0.0,0.5,0.0,0.0,0.0,0.0,0.0,0.0
0.5,0.5,0.0,0.0,0.0,0.0,0.0,0.0,0.0,1.0,0.0,0.0
0.5,0.5,0.0,0.0,0.0,1.0,0.0,0.0,0.0,0.5,0.5,0.5
0.5,0.5,0.5,0.0,0.0,1.0,0.0,0.5,0.0,0.0,0.0,0.0
1.0,0.0,0.0,0.0,0.0,1.0,0.0,0.0,0.0,0.0,0.0,0.0
1.0,0.0,1.0,1.0,0.0,0.0,0.0,0.0,0.0,0.0,0.0,0.0
0.5,0.5,0.0,0.0,0.5,0.0,0.0,0.0,0.0,0.0,0.0,0.0
0.5,0.5,0.0,0.5,0.0,1.0,0.0,0.0,0.0,0.0,0.0,0.0
1.0,0.5,0.0,0.0,0.5,1.0,0.5,0.0,0.5,0.5,0.0,0.0
1.0,0.0,0.0,0.0,0.0,0.0,0.0,0.0,0.5,0.0,0.0,0.0
1.0,0.0,0.0,0.0,1.0,0.5,0.0,0.0,0.0,0.0,0.0,0.0
1.0,0.0,0.0,0.0,0.0,1.0,0.5,0.0,0.0,0.0,0.0,0.0
1.0,0.0,0.0,0.0,0.0,1.0,0.0,0.0,0.5,0.5,0.0,0.0
1.0,0.0,0.5,0.0,0.0,1.0,0.0,0.0,0.0,0.0,0.0,0.0
0.5,1.0,0.0,0.0,0.5,1.0,0.0,0.5,0.0,1.0,0.5,0.5
0.0,1.0,0.0,1.0,0.0,0.0,0.0,0.0,0.0,0.0,0.0,0.0
1.0,0.0,0.0,0.5,0.0,1.0,0.0,0.0,0.0,0.5,0.0,0.0
0.5,0.5,0.0,0.0,0.0,0.0,0.0,0.0,0.0,0.0,0.0,0.0
0.5,0.5,0.0,0.0,0.0,0.5,0.0,0.0,0.0,0.0,0.0,0.0
1.0,0.0,1.0,1.0,0.0,1.0,0.0,0.0,0.0,0.0,0.0,0.0
1.0,0.0,0.5,0.0,0.0,0.0,1.0,0.0,0.0,0.0,0.0,0.0
1.0,0.0,0.0,0.0,0.0,0.0,0.0,0.5,0.0,0.5,0.0,0.0
1.0,0.0,0.0,0.0,0.0,1.0,0.0,0.0,0.0,0.0,0.0,0.0
1.0,0.0,0.5,0.5,0.5,0.5,0.0,0.0,0.5,1.0,0.5,0.5
1.0,0.0,0.5,0.0,0.0,1.0,0.5,0.0,0.0,1.0,0.5,0.5
1.0,0.0,0.0,0.0,0.0,0.5,0.0,0.0,0.0,1.0,0.0,0.0
1.0,0.0,0.0,0.0,0.0,0.0,0.0,0.0,0.5,1.0,0.0,0.0
1.0,0.0,0.0,0.5,0.0,1.0,0.0,0.0,0.0,0.0,0.0,0.0
1.0,0.0,0.0,0.0,0.5,0.5,0.0,0.0,0.0,0.0,0.0,0.0
0.5,1.0,0.0,0.0,0.5,0.0,0.0,0.0,0.5,0.0,0.0,0.0
0.0,1.0,0.5,0.0,0.0,0.5,0.0,0.0,1.0,0.0,0.0,0.0
1.0,0.0,0.5,0.0,0.0,0.5,0.0,0.0,0.0,0.0,0.0,0.0
1.0,0.0,0.0,0.0,0.0,0.5,0.0,0.0,0.5,0.0,0.5,0.5
0.0,1.0,0.0,0.0,0.0,0.0,0.0,0.5,0.0,0.5,0.0,0.0
1.0,0.0,1.0,0.5,0.0,0.5,0.0,0.0,0.0,0.0,0.0,0.0
0.5,1.0,0.5,0.0,0.5,0.5,0.0,0.0,0.0,0.0,0.0,0.0
0.5,1.0,0.0,0.0,0.5,0.5,0.0,0.0,0.0,0.5,0.5,0.5
1.0,0.5,0.5,0.0,0.5,1.0,0.0,0.0,0.5,0.5,0.0,0.0
1.0,0.5,0.5,0.0,0.5,0.5,0.0,0.0,0.0,0.0,0.0,0.0
0.5,0.5,0.5,0.0,0.5,1.0,0.0,0.0,1.0,0.0,0.0,0.0
1.0,0.0,0.5,0.0,0.0,0.5,0.0,0.0,0.0,0.0,0.0,0.0
1.0,0.0,0.0,1.0,0.0,0.0,1.0,0.0,0.0,0.0,0.0,0.0
0.5,1.0,0.0,0.0,0.5,0.5,0.0,0.0,0.0,0.0,0.0,0.0
0.5,1.0,0.0,0.0,0.5,1.0,0.0,0.0,0.0,0.0,0.0,0.0
1.0,0.0,0.5,0.5,0.0,0.5,1.0,0.0,0.5,0.0,0.0,0.0
1.0,0.5,0.5,0.0,0.5,0.5,0.0,0.0,0.5,0.0,0.0,0.0
1.0,0.0,0.5,0.0,0.0,0.0,1.0,0.0,0.0,0.0,0.0,0.0
1.0,0.0,0.5,0.0,0.0,0.0,0.0,0.0,0.0,0.0,0.0,0.0
1.0,0.5,0.5,0.0,0.5,0.5,0.0,0.0,0.0,0.0,0.0,0.0
1.0,0.0,0.5,0.0,0.0,1.0,0.0,0.0,0.0,0.0,0.0,0.0
1.0,0.0,0.0,0.0,0.0,0.5,0.0,0.0,0.0,0.5,0.0,0.0
1.0,1.0,0.5,0.0,0.5,1.0,0.0,0.0,1.0,0.5,0.0,0.0
0.5,0.5,0.5,0.0,0.0,0.5,0.0,0.0,0.0,0.0,0.0,0.0
0.5,0.5,0.0,0.0,0.0,1.0,0.0,0.0,0.0,0.0,0.0,0.0
1.0,0.0,0.5,0.0,0.0,0.5,0.0,0.0,0.0,0.0,0.0,0.0
1.0,0.0,0.5,0.0,0.0,0.0,0.0,0.0,0.0,0.0,0.0,0.0
1.0,0.0,0.0,0.0,0.0,0.0,0.5,0.0,0.0,0.0,0.0,0.0
1.0,0.0,0.0,0.0,0.0,1.0,0.0,0.0,0.0,1.0,0.0,0.0
1.0,0.0,0.5,0.0,0.0,0.5,0.0,0.0,0.0,0.0,0.0,0.0
1.0,0.0,0.5,0.0,0.0,0.5,0.0,0.0,0.0,0.0,0.0,0.0
1.0,0.0,0.0,0.0,0.0,0.0,0.0,0.0,0.0,0.0,0.0,0.0
1.0,0.0,0.0,0.0,0.0,0.0,0.0,0.0,0.5,0.0,0.0,0.0
1.0,0.0,0.5,0.0,0.0,0.0,0.0,0.0,0.5,0.0,0.0,0.0
1.0,0.0,0.5,0.0,0.5,1.0,0.0,0.0,0.0,0.0,0.0,0.0
0.5,0.5,0.5,0.0,0.0,0.0,0.0,0.0,0.0,0.5,0.0,0.0
0.5,1.0,0.0,0.0,0.5,0.0,0.0,0.0,0.0,1.0,0.0,0.0
1.0,0.0,1.0,0.0,0.0,0.0,0.0,0.0,0.0,0.0,0.0,0.0
1.0,0.5,0.5,0.0,0.5,1.0,0.5,0.0,0.5,0.0,0.0,0.0
1.0,0.0,0.0,0.0,0.0,0.0,0.0,0.0,0.0,0.5,0.0,0.0
1.0,0.0,0.5,0.5,0.0,1.0,0.0,0.0,0.0,0.0,0.0,0.0
1.0,0.0,0.5,0.0,0.0,0.5,0.0,0.0,0.0,0.0,0.0,0.0
1.0,0.0,0.0,0.0,0.0,0.0,0.0,0.0,0.5,1.0,0.0,0.0
1.0,0.0,0.0,0.0,0.0,0.0,0.0,0.0,0.0,0.0,0.0,0.0
1.0,0.0,0.5,0.5,0.0,1.0,0.0,0.0,0.0,0.0,0.0,0.0
0.5,0.5,0.0,0.0,0.5,0.5,0.0,0.0,1.0,0.0,0.0,0.0
1.0,0.0,0.5,0.0,0.0,0.5,0.0,0.0,0.5,0.0,0.0,0.0
1.0,0.0,0.0,0.0,0.0,0.0,0.0,0.0,0.0,0.0,0.0,0.0
1.0,0.0,0.0,0.0,0.0,1.0,0.0,0.0,0.0,0.0,0.0,0.0
1.0,0.0,0.0,0.0,0.0,0.0,1.0,0.0,0.0,0.5,0.0,0.0
1.0,0.0,0.0,0.0,0.0,0.0,0.0,0.0,0.0,0.0,0.0,0.0
1.0,0.0,0.5,0.0,0.0,1.0,0.0,0.0,0.0,0.0,0.0,0.0
1.0,0.0,0.0,0.0,0.0,0.0,0.0,0.0,0.5,0.0,0.0,0.0
1.0,0.0,1.0,0.0,0.5,1.0,0.0,0.0,0.5,0.5,0.0,0.0
1.0,0.0,0.5,0.0,0.0,1.0,0.0,0.0,0.0,0.0,0.0,0.0
1.0,0.0,0.5,0.5,0.0,1.0,0.0,0.0,0.0,0.0,0.0,0.0
0.5,0.5,0.0,0.0,0.0,0.0,0.0,0.0,0.0,0.0,0.0,0.0
1.0,0.0,0.0,0.0,0.0,0.0,0.5,0.0,0.0,0.0,0.0,0.0
1.0,0.5,0.0,0.0,0.5,0.5,0.0,0.0,1.0,0.5,0.0,0.0
1.0,0.0,0.0,0.0,0.0,0.5,0.0,0.0,0.0,0.0,0.0,0.0
1.0,0.0,0.5,0.0,1.0,0.0,0.0,0.0,0.0,0.0,0.5,0.5
1.0,0.0,0.0,0.0,0.5,0.5,0.0,0.0,0.0,0.0,0.0,0.0
1.0,0.0,0.5,0.0,0.0,0.5,0.0,0.0,0.0,0.5,0.0,0.0
1.0,0.5,1.0,0.5,0.5,1.0,0.0,0.0,1.0,0.5,0.0,0.0
1.0,0.0,0.0,0.0,0.0,0.0,0.0,0.0,0.0,0.0,0.0,0.0
1.0,0.5,0.0,0.5,0.0,0.5,0.0,0.0,0.0,0.0,0.0,0.0
1.0,0.0,0.0,0.0,0.0,0.0,0.0,0.0,0.0,0.5,0.0,0.0
1.0,0.0,0.0,0.0,0.0,0.0,0.0,0.0,0.0,0.0,0.0,0.0
1.0,0.0,0.0,0.0,0.0,0.0,0.5,0.0,0.0,0.5,0.5,0.5
1.0,0.0,0.5,0.0,0.0,1.0,0.0,0.0,0.0,0.0,0.0,0.0
1.0,0.0,0.5,0.0,0.0,0.5,0.0,0.0,0.0,0.0,0.0,0.0
1.0,0.0,0.0,0.0,0.0,0.0,0.0,1.0,0.0,0.5,0.0,0.0
1.0,0.0,0.5,0.5,0.5,0.0,0.0,0.0,0.0,0.5,0.0,0.0
1.0,0.0,0.0,0.0,0.0,0.5,0.0,0.0,0.0,0.5,0.0,0.0
1.0,0.0,0.0,0.0,0.0,0.5,0.0,0.0,0.0,0.5,0.0,0.0
1.0,0.5,0.5,0.5,0.5,1.0,0.0,0.0,0.5,0.0,0.0,0.0
1.0,0.5,0.0,1.0,0.5,0.0,0.0,0.0,0.5,0.0,0.0,0.0
1.0,0.5,0.5,0.0,0.0,1.0,0.5,0.0,0.0,0.5,0.0,0.0
0.0,1.0,0.5,0.0,0.0,0.0,0.0,0.0,0.0,1.0,0.0,0.0
1.0,0.0,1.0,1.0,0.5,0.5,0.0,0.0,0.0,0.5,0.0,0.0
1.0,0.0,0.0,0.0,0.0,0.0,1.0,0.0,0.5,1.0,0.0,0.0
1.0,0.0,0.0,0.0,0.0,1.0,1.0,0.0,0.0,0.5,0.0,0.0
1.0,0.0,0.0,0.0,0.0,0.0,0.0,0.0,0.0,1.0,0.0,0.0
1.0,0.0,0.0,0.0,0.5,0.5,1.0,0.0,0.5,0.0,0.0,0.0
0.5,0.5,0.0,0.0,0.0,0.0,0.5,0.0,0.0,0.5,0.0,0.0
1.0,0.0,0.0,0.0,0.0,0.0,0.0,0.0,0.5,1.0,0.0,0.0
1.0,0.0,0.0,0.0,0.0,0.0,0.0,0.0,0.5,0.5,0.0,0.0
1.0,0.0,0.0,0.0,0.0,0.0,0.5,0.0,0.5,0.0,0.0,0.0
1.0,0.0,0.0,0.0,0.0,0.0,0.5,0.0,0.0,0.0,0.0,0.0
1.0,0.0,0.0,0.0,0.0,1.0,0.5,0.0,0.0,0.0,0.0,0.0
1.0,0.0,0.0,0.0,0.0,0.5,0.0,0.0,0.0,0.0,0.0,0.0
0.5,0.0,0.0,0.0,0.0,0.0,0.0,0.0,0.0,0.0,0.0,0.0
1.0,0.0,0.5,0.0,0.0,1.0,0.0,0.0,0.0,0.0,0.0,0.0
1.0,0.0,0.0,0.0,0.0,0.0,0.5,0.0,0.0,0.5,0.0,0.0
1.0,0.0,1.0,1.0,0.5,1.0,0.5,0.0,0.0,0.0,0.0,0.0
0.5,0.5,0.0,0.0,0.5,0.0,0.0,0.0,0.0,0.5,0.0,0.0
1.0,0.0,0.0,0.0,0.0,0.0,0.0,0.0,0.0,0.0,0.0,0.0
1.0,0.0,0.0,0.0,0.0,0.0,0.0,0.0,0.0,0.5,0.0,0.0
1.0,0.0,0.0,0.0,0.0,0.0,0.5,0.0,0.0,0.5,0.0,0.0
1.0,0.0,0.5,0.0,0.0,0.0,0.0,0.0,0.0,0.0,0.0,0.0
1.0,0.5,0.5,0.0,0.5,0.0,0.0,0.0,0.0,0.0,0.0,0.0
1.0,0.5,0.0,0.0,0.5,0.0,0.0,0.0,0.0,0.5,0.0,0.0
1.0,0.0,0.0,0.0,0.0,0.0,0.0,0.0,0.0,0.0,0.0,0.0
1.0,0.0,0.5,0.0,0.0,0.5,0.0,0.0,0.0,0.0,0.0,0.0
1.0,0.5,0.0,0.5,0.5,0.0,0.0,0.0,0.0,0.0,0.0,0.0
0.5,0.5,0.0,0.0,0.0,0.5,0.5,0.0,0.0,0.0,0.0,0.0
1.0,0.0,0.0,0.0,0.0,1.0,0.0,0.0,0.0,0.0,0.0,0.0
1.0,0.0,0.5,0.0,0.0,0.0,0.0,0.0,0.0,0.0,0.0,0.0
0.5,0.5,0.0,0.0,0.0,0.0,0.0,0.0,0.0,0.0,0.0,0.0
1.0,0.0,0.0,0.0,0.0,1.0,0.5,0.0,0.0,0.0,0.0,0.0
1.0,0.0,0.0,0.0,0.0,0.0,0.0,0.0,0.0,0.0,0.0,0.0
1.0,0.0,0.0,0.0,0.5,0.0,0.0,0.0,0.0,0.0,0.0,0.0
1.0,0.0,0.0,0.0,0.0,0.0,0.5,0.0,0.0,0.0,0.0,0.0
1.0,0.0,0.5,0.5,0.0,0.5,0.0,0.0,0.0,0.0,0.0,0.0
1.0,0.0,0.0,0.0,0.0,0.0,1.0,0.0,0.0,0.0,0.0,0.0
1.0,0.0,0.0,0.0,0.0,0.0,0.0,0.0,0.0,0.0,0.0,0.0
1.0,0.5,0.0,0.5,0.5,1.0,0.0,0.0,0.5,0.0,0.0,0.0
1.0,0.5,0.0,0.0,0.5,0.0,1.0,0.0,0.0,1.0,0.0,0.0
1.0,0.0,0.5,0.0,0.0,0.0,0.0,0.0,0.0,0.0,0.0,0.0
1.0,0.5,0.0,0.0,0.5,0.0,0.0,0.0,0.0,0.0,0.0,0.0
1.0,0.0,0.0,0.0,0.0,0.5,0.5,0.0,0.0,0.0,0.0,0.0
